rec_id,visit
mesa-sleep-0001,v1
mesa-sleep-0002,v1
mesa-sleep-0006,v1
mesa-sleep-0010,v1
mesa-sleep-0012,v1
mesa-sleep-0014,v1
mesa-sleep-0016,v1
mesa-sleep-0021,v1
mesa-sleep-0027,v1
mesa-sleep-0028,v1
mesa-sleep-0033,v1
mesa-sleep-0035,v1
mesa-sleep-0036,v1
mesa-sleep-0038,v1
mesa-sleep-0046,v1
mesa-sleep-0048,v1
mesa-sleep-0050,v1
mesa-sleep-0052,v1
mesa-sleep-0054,v1
mesa-sleep-0056,v1
mesa-sleep-0064,v1
mesa-sleep-0070,v1
mesa-sleep-0074,v1
mesa-sleep-0077,v1
mesa-sleep-0079,v1
mesa-sleep-0081,v1
mesa-sleep-0084,v1
mesa-sleep-0085,v1
mesa-sleep-0087,v1
mesa-sleep-0099,v1
mesa-sleep-0101,v1
mesa-sleep-0105,v1
mesa-sleep-0107,v1
mesa-sleep-0109,v1
mesa-sleep-0110,v1
mesa-sleep-0111,v1
mesa-sleep-0113,v1
mesa-sleep-0118,v1
mesa-sleep-0120,v1
mesa-sleep-0121,v1
mesa-sleep-0125,v1
mesa-sleep-0132,v1
mesa-sleep-0133,v1
mesa-sleep-0138,v1
mesa-sleep-0140,v1
mesa-sleep-0144,v1
mesa-sleep-0149,v1
mesa-sleep-0152,v1
mesa-sleep-0155,v1
mesa-sleep-0159,v1
mesa-sleep-0167,v1
mesa-sleep-0169,v1
mesa-sleep-0171,v1
mesa-sleep-0183,v1
mesa-sleep-0187,v1
mesa-sleep-0188,v1
mesa-sleep-0193,v1
mesa-sleep-0194,v1
mesa-sleep-0195,v1
mesa-sleep-0196,v1
mesa-sleep-0197,v1
mesa-sleep-0204,v1
mesa-sleep-0211,v1
mesa-sleep-0219,v1
mesa-sleep-0220,v1
mesa-sleep-0225,v1
mesa-sleep-0236,v1
mesa-sleep-0241,v1
mesa-sleep-0248,v1
mesa-sleep-0251,v1
mesa-sleep-0258,v1
mesa-sleep-0269,v1
mesa-sleep-0271,v1
mesa-sleep-0275,v1
mesa-sleep-0282,v1
mesa-sleep-0284,v1
mesa-sleep-0285,v1
mesa-sleep-0286,v1
mesa-sleep-0288,v1
mesa-sleep-0292,v1
mesa-sleep-0295,v1
mesa-sleep-0299,v1
mesa-sleep-0301,v1
mesa-sleep-0303,v1
mesa-sleep-0306,v1
mesa-sleep-0310,v1
mesa-sleep-0312,v1
mesa-sleep-0314,v1
mesa-sleep-0318,v1
mesa-sleep-0319,v1
mesa-sleep-0323,v1
mesa-sleep-0328,v1
mesa-sleep-0329,v1
mesa-sleep-0332,v1
mesa-sleep-0338,v1
mesa-sleep-0339,v1
mesa-sleep-0344,v1
mesa-sleep-0345,v1
mesa-sleep-0346,v1
mesa-sleep-0347,v1
mesa-sleep-0350,v1
mesa-sleep-0359,v1
mesa-sleep-0363,v1
mesa-sleep-0368,v1
mesa-sleep-0372,v1
mesa-sleep-0374,v1
mesa-sleep-0380,v1
mesa-sleep-0381,v1
mesa-sleep-0382,v1
mesa-sleep-0384,v1
mesa-sleep-0385,v1
mesa-sleep-0386,v1
mesa-sleep-0388,v1
mesa-sleep-0392,v1
mesa-sleep-0393,v1
mesa-sleep-0399,v1
mesa-sleep-0402,v1
mesa-sleep-0405,v1
mesa-sleep-0407,v1
mesa-sleep-0408,v1
mesa-sleep-0414,v1
mesa-sleep-0415,v1
mesa-sleep-0416,v1
mesa-sleep-0419,v1
mesa-sleep-0423,v1
mesa-sleep-0427,v1
mesa-sleep-0435,v1
mesa-sleep-0440,v1
mesa-sleep-0443,v1
mesa-sleep-0445,v1
mesa-sleep-0452,v1
mesa-sleep-0457,v1
mesa-sleep-0458,v1
mesa-sleep-0459,v1
mesa-sleep-0460,v1
mesa-sleep-0464,v1
mesa-sleep-0465,v1
mesa-sleep-0468,v1
mesa-sleep-0469,v1
mesa-sleep-0470,v1
mesa-sleep-0474,v1
mesa-sleep-0476,v1
mesa-sleep-0483,v1
mesa-sleep-0485,v1
mesa-sleep-0488,v1
mesa-sleep-0490,v1
mesa-sleep-0491,v1
mesa-sleep-0495,v1
mesa-sleep-0499,v1
mesa-sleep-0501,v1
mesa-sleep-0505,v1
mesa-sleep-0509,v1
mesa-sleep-0512,v1
mesa-sleep-0518,v1
mesa-sleep-0519,v1
mesa-sleep-0522,v1
mesa-sleep-0523,v1
mesa-sleep-0526,v1
mesa-sleep-0527,v1
mesa-sleep-0528,v1
mesa-sleep-0529,v1
mesa-sleep-0533,v1
mesa-sleep-0534,v1
mesa-sleep-0536,v1
mesa-sleep-0537,v1
mesa-sleep-0545,v1
mesa-sleep-0548,v1
mesa-sleep-0550,v1
mesa-sleep-0553,v1
mesa-sleep-0554,v1
mesa-sleep-0555,v1
mesa-sleep-0556,v1
mesa-sleep-0558,v1
mesa-sleep-0560,v1
mesa-sleep-0561,v1
mesa-sleep-0563,v1
mesa-sleep-0565,v1
mesa-sleep-0571,v1
mesa-sleep-0572,v1
mesa-sleep-0581,v1
mesa-sleep-0583,v1
mesa-sleep-0586,v1
mesa-sleep-0587,v1
mesa-sleep-0589,v1
mesa-sleep-0590,v1
mesa-sleep-0594,v1
mesa-sleep-0596,v1
mesa-sleep-0599,v1
mesa-sleep-0601,v1
mesa-sleep-0602,v1
mesa-sleep-0604,v1
mesa-sleep-0609,v1
mesa-sleep-0612,v1
mesa-sleep-0614,v1
mesa-sleep-0620,v1
mesa-sleep-0621,v1
mesa-sleep-0626,v1
mesa-sleep-0628,v1
mesa-sleep-0629,v1
mesa-sleep-0632,v1
mesa-sleep-0636,v1
mesa-sleep-0639,v1
mesa-sleep-0640,v1
mesa-sleep-0643,v1
mesa-sleep-0648,v1
mesa-sleep-0651,v1
mesa-sleep-0652,v1
mesa-sleep-0655,v1
mesa-sleep-0657,v1
mesa-sleep-0658,v1
mesa-sleep-0664,v1
mesa-sleep-0672,v1
mesa-sleep-0675,v1
mesa-sleep-0677,v1
mesa-sleep-0679,v1
mesa-sleep-0680,v1
mesa-sleep-0683,v1
mesa-sleep-0684,v1
mesa-sleep-0686,v1
mesa-sleep-0688,v1
mesa-sleep-0692,v1
mesa-sleep-0694,v1
mesa-sleep-0702,v1
mesa-sleep-0705,v1
mesa-sleep-0711,v1
mesa-sleep-0712,v1
mesa-sleep-0713,v1
mesa-sleep-0715,v1
mesa-sleep-0716,v1
mesa-sleep-0718,v1
mesa-sleep-0719,v1
mesa-sleep-0725,v1
mesa-sleep-0726,v1
mesa-sleep-0727,v1
mesa-sleep-0728,v1
mesa-sleep-0743,v1
mesa-sleep-0744,v1
mesa-sleep-0747,v1
mesa-sleep-0755,v1
mesa-sleep-0762,v1
mesa-sleep-0764,v1
mesa-sleep-0768,v1
mesa-sleep-0771,v1
mesa-sleep-0776,v1
mesa-sleep-0782,v1
mesa-sleep-0784,v1
mesa-sleep-0789,v1
mesa-sleep-0791,v1
mesa-sleep-0792,v1
mesa-sleep-0796,v1
mesa-sleep-0797,v1
mesa-sleep-0800,v1
mesa-sleep-0801,v1
mesa-sleep-0804,v1
mesa-sleep-0807,v1
mesa-sleep-0811,v1
mesa-sleep-0812,v1
mesa-sleep-0813,v1
mesa-sleep-0821,v1
mesa-sleep-0823,v1
mesa-sleep-0828,v1
mesa-sleep-0837,v1
mesa-sleep-0838,v1
mesa-sleep-0852,v1
mesa-sleep-0854,v1
mesa-sleep-0856,v1
mesa-sleep-0860,v1
mesa-sleep-0862,v1
mesa-sleep-0863,v1
mesa-sleep-0864,v1
mesa-sleep-0873,v1
mesa-sleep-0884,v1
mesa-sleep-0889,v1
mesa-sleep-0892,v1
mesa-sleep-0893,v1
mesa-sleep-0899,v1
mesa-sleep-0902,v1
mesa-sleep-0904,v1
mesa-sleep-0908,v1
mesa-sleep-0910,v1
mesa-sleep-0912,v1
mesa-sleep-0914,v1
mesa-sleep-0916,v1
mesa-sleep-0917,v1
mesa-sleep-0920,v1
mesa-sleep-0921,v1
mesa-sleep-0923,v1
mesa-sleep-0926,v1
mesa-sleep-0928,v1
mesa-sleep-0931,v1
mesa-sleep-0933,v1
mesa-sleep-0934,v1
mesa-sleep-0935,v1
mesa-sleep-0937,v1
mesa-sleep-0939,v1
mesa-sleep-0943,v1
mesa-sleep-0946,v1
mesa-sleep-0949,v1
mesa-sleep-0951,v1
mesa-sleep-0960,v1
mesa-sleep-0962,v1
mesa-sleep-0967,v1
mesa-sleep-0968,v1
mesa-sleep-0971,v1
mesa-sleep-0976,v1
mesa-sleep-0977,v1
mesa-sleep-0979,v1
mesa-sleep-0980,v1
mesa-sleep-0989,v1
mesa-sleep-0994,v1
mesa-sleep-1010,v1
mesa-sleep-1013,v1
mesa-sleep-1016,v1
mesa-sleep-1017,v1
mesa-sleep-1018,v1
mesa-sleep-1019,v1
mesa-sleep-1020,v1
mesa-sleep-1021,v1
mesa-sleep-1022,v1
mesa-sleep-1026,v1
mesa-sleep-1030,v1
mesa-sleep-1033,v1
mesa-sleep-1035,v1
mesa-sleep-1039,v1
mesa-sleep-1041,v1
mesa-sleep-1043,v1
mesa-sleep-1044,v1
mesa-sleep-1048,v1
mesa-sleep-1055,v1
mesa-sleep-1058,v1
mesa-sleep-1068,v1
mesa-sleep-1074,v1
mesa-sleep-1077,v1
mesa-sleep-1080,v1
mesa-sleep-1085,v1
mesa-sleep-1087,v1
mesa-sleep-1089,v1
mesa-sleep-1090,v1
mesa-sleep-1091,v1
mesa-sleep-1092,v1
mesa-sleep-1094,v1
mesa-sleep-1098,v1
mesa-sleep-1102,v1
mesa-sleep-1105,v1
mesa-sleep-1109,v1
mesa-sleep-1113,v1
mesa-sleep-1118,v1
mesa-sleep-1121,v1
mesa-sleep-1122,v1
mesa-sleep-1127,v1
mesa-sleep-1128,v1
mesa-sleep-1133,v1
mesa-sleep-1139,v1
mesa-sleep-1140,v1
mesa-sleep-1146,v1
mesa-sleep-1148,v1
mesa-sleep-1150,v1
mesa-sleep-1152,v1
mesa-sleep-1161,v1
mesa-sleep-1162,v1
mesa-sleep-1164,v1
mesa-sleep-1173,v1
mesa-sleep-1177,v1
mesa-sleep-1187,v1
mesa-sleep-1188,v1
mesa-sleep-1194,v1
mesa-sleep-1204,v1
mesa-sleep-1206,v1
mesa-sleep-1209,v1
mesa-sleep-1212,v1
mesa-sleep-1215,v1
mesa-sleep-1216,v1
mesa-sleep-1219,v1
mesa-sleep-1224,v1
mesa-sleep-1227,v1
mesa-sleep-1236,v1
mesa-sleep-1256,v1
mesa-sleep-1260,v1
mesa-sleep-1263,v1
mesa-sleep-1265,v1
mesa-sleep-1266,v1
mesa-sleep-1268,v1
mesa-sleep-1271,v1
mesa-sleep-1278,v1
mesa-sleep-1281,v1
mesa-sleep-1284,v1
mesa-sleep-1290,v1
mesa-sleep-1291,v1
mesa-sleep-1294,v1
mesa-sleep-1297,v1
mesa-sleep-1298,v1
mesa-sleep-1300,v1
mesa-sleep-1301,v1
mesa-sleep-1305,v1
mesa-sleep-1308,v1
mesa-sleep-1309,v1
mesa-sleep-1311,v1
mesa-sleep-1321,v1
mesa-sleep-1324,v1
mesa-sleep-1328,v1
mesa-sleep-1334,v1
mesa-sleep-1342,v1
mesa-sleep-1349,v1
mesa-sleep-1354,v1
mesa-sleep-1356,v1
mesa-sleep-1374,v1
mesa-sleep-1376,v1
mesa-sleep-1378,v1
mesa-sleep-1381,v1
mesa-sleep-1385,v1
mesa-sleep-1387,v1
mesa-sleep-1388,v1
mesa-sleep-1389,v1
mesa-sleep-1390,v1
mesa-sleep-1391,v1
mesa-sleep-1395,v1
mesa-sleep-1403,v1
mesa-sleep-1404,v1
mesa-sleep-1405,v1
mesa-sleep-1408,v1
mesa-sleep-1410,v1
mesa-sleep-1413,v1
mesa-sleep-1418,v1
mesa-sleep-1420,v1
mesa-sleep-1427,v1
mesa-sleep-1430,v1
mesa-sleep-1431,v1
mesa-sleep-1435,v1
mesa-sleep-1443,v1
mesa-sleep-1446,v1
mesa-sleep-1448,v1
mesa-sleep-1453,v1
mesa-sleep-1459,v1
mesa-sleep-1463,v1
mesa-sleep-1464,v1
mesa-sleep-1470,v1
mesa-sleep-1472,v1
mesa-sleep-1474,v1
mesa-sleep-1476,v1
mesa-sleep-1478,v1
mesa-sleep-1483,v1
mesa-sleep-1488,v1
mesa-sleep-1492,v1
mesa-sleep-1493,v1
mesa-sleep-1497,v1
mesa-sleep-1498,v1
mesa-sleep-1501,v1
mesa-sleep-1502,v1
mesa-sleep-1510,v1
mesa-sleep-1515,v1
mesa-sleep-1516,v1
mesa-sleep-1520,v1
mesa-sleep-1523,v1
mesa-sleep-1527,v1
mesa-sleep-1528,v1
mesa-sleep-1529,v1
mesa-sleep-1531,v1
mesa-sleep-1539,v1
mesa-sleep-1541,v1
mesa-sleep-1542,v1
mesa-sleep-1546,v1
mesa-sleep-1552,v1
mesa-sleep-1562,v1
mesa-sleep-1563,v1
mesa-sleep-1569,v1
mesa-sleep-1570,v1
mesa-sleep-1571,v1
mesa-sleep-1573,v1
mesa-sleep-1577,v1
mesa-sleep-1584,v1
mesa-sleep-1589,v1
mesa-sleep-1590,v1
mesa-sleep-1591,v1
mesa-sleep-1595,v1
mesa-sleep-1604,v1
mesa-sleep-1607,v1
mesa-sleep-1608,v1
mesa-sleep-1612,v1
mesa-sleep-1613,v1
mesa-sleep-1615,v1
mesa-sleep-1616,v1
mesa-sleep-1619,v1
mesa-sleep-1620,v1
mesa-sleep-1623,v1
mesa-sleep-1626,v1
mesa-sleep-1634,v1
mesa-sleep-1637,v1
mesa-sleep-1640,v1
mesa-sleep-1641,v1
mesa-sleep-1644,v1
mesa-sleep-1647,v1
mesa-sleep-1650,v1
mesa-sleep-1655,v1
mesa-sleep-1656,v1
mesa-sleep-1659,v1
mesa-sleep-1661,v1
mesa-sleep-1670,v1
mesa-sleep-1672,v1
mesa-sleep-1673,v1
mesa-sleep-1677,v1
mesa-sleep-1680,v1
mesa-sleep-1682,v1
mesa-sleep-1684,v1
mesa-sleep-1686,v1
mesa-sleep-1691,v1
mesa-sleep-1693,v1
mesa-sleep-1694,v1
mesa-sleep-1698,v1
mesa-sleep-1700,v1
mesa-sleep-1703,v1
mesa-sleep-1704,v1
mesa-sleep-1705,v1
mesa-sleep-1707,v1
mesa-sleep-1708,v1
mesa-sleep-1713,v1
mesa-sleep-1716,v1
mesa-sleep-1717,v1
mesa-sleep-1731,v1
mesa-sleep-1732,v1
mesa-sleep-1733,v1
mesa-sleep-1735,v1
mesa-sleep-1738,v1
mesa-sleep-1742,v1
mesa-sleep-1744,v1
mesa-sleep-1752,v1
mesa-sleep-1756,v1
mesa-sleep-1757,v1
mesa-sleep-1758,v1
mesa-sleep-1759,v1
mesa-sleep-1760,v1
mesa-sleep-1764,v1
mesa-sleep-1766,v1
mesa-sleep-1768,v1
mesa-sleep-1769,v1
mesa-sleep-1772,v1
mesa-sleep-1778,v1
mesa-sleep-1781,v1
mesa-sleep-1783,v1
mesa-sleep-1789,v1
mesa-sleep-1790,v1
mesa-sleep-1795,v1
mesa-sleep-1797,v1
mesa-sleep-1801,v1
mesa-sleep-1803,v1
mesa-sleep-1805,v1
mesa-sleep-1809,v1
mesa-sleep-1811,v1
mesa-sleep-1821,v1
mesa-sleep-1833,v1
mesa-sleep-1838,v1
mesa-sleep-1842,v1
mesa-sleep-1844,v1
mesa-sleep-1847,v1
mesa-sleep-1850,v1
mesa-sleep-1856,v1
mesa-sleep-1859,v1
mesa-sleep-1862,v1
mesa-sleep-1863,v1
mesa-sleep-1866,v1
mesa-sleep-1874,v1
mesa-sleep-1876,v1
mesa-sleep-1878,v1
mesa-sleep-1879,v1
mesa-sleep-1882,v1
mesa-sleep-1884,v1
mesa-sleep-1887,v1
mesa-sleep-1890,v1
mesa-sleep-1891,v1
mesa-sleep-1892,v1
mesa-sleep-1900,v1
mesa-sleep-1901,v1
mesa-sleep-1906,v1
mesa-sleep-1907,v1
mesa-sleep-1912,v1
mesa-sleep-1913,v1
mesa-sleep-1914,v1
mesa-sleep-1917,v1
mesa-sleep-1921,v1
mesa-sleep-1924,v1
mesa-sleep-1927,v1
mesa-sleep-1940,v1
mesa-sleep-1951,v1
mesa-sleep-1957,v1
mesa-sleep-1959,v1
mesa-sleep-1964,v1
mesa-sleep-1973,v1
mesa-sleep-1980,v1
mesa-sleep-1981,v1
mesa-sleep-1982,v1
mesa-sleep-1983,v1
mesa-sleep-1986,v1
mesa-sleep-1989,v1
mesa-sleep-1995,v1
mesa-sleep-1997,v1
mesa-sleep-1998,v1
mesa-sleep-2003,v1
mesa-sleep-2019,v1
mesa-sleep-2024,v1
mesa-sleep-2030,v1
mesa-sleep-2035,v1
mesa-sleep-2037,v1
mesa-sleep-2039,v1
mesa-sleep-2040,v1
mesa-sleep-2042,v1
mesa-sleep-2043,v1
mesa-sleep-2049,v1
mesa-sleep-2050,v1
mesa-sleep-2055,v1
mesa-sleep-2066,v1
mesa-sleep-2067,v1
mesa-sleep-2083,v1
mesa-sleep-2084,v1
mesa-sleep-2087,v1
mesa-sleep-2094,v1
mesa-sleep-2096,v1
mesa-sleep-2100,v1
mesa-sleep-2104,v1
mesa-sleep-2105,v1
mesa-sleep-2106,v1
mesa-sleep-2109,v1
mesa-sleep-2114,v1
mesa-sleep-2118,v1
mesa-sleep-2119,v1
mesa-sleep-2123,v1
mesa-sleep-2126,v1
mesa-sleep-2127,v1
mesa-sleep-2129,v1
mesa-sleep-2133,v1
mesa-sleep-2139,v1
mesa-sleep-2143,v1
mesa-sleep-2145,v1
mesa-sleep-2147,v1
mesa-sleep-2149,v1
mesa-sleep-2150,v1
mesa-sleep-2163,v1
mesa-sleep-2165,v1
mesa-sleep-2167,v1
mesa-sleep-2169,v1
mesa-sleep-2170,v1
mesa-sleep-2172,v1
mesa-sleep-2173,v1
mesa-sleep-2175,v1
mesa-sleep-2183,v1
mesa-sleep-2188,v1
mesa-sleep-2191,v1
mesa-sleep-2192,v1
mesa-sleep-2193,v1
mesa-sleep-2204,v1
mesa-sleep-2206,v1
mesa-sleep-2208,v1
mesa-sleep-2212,v1
mesa-sleep-2214,v1
mesa-sleep-2215,v1
mesa-sleep-2216,v1
mesa-sleep-2217,v1
mesa-sleep-2218,v1
mesa-sleep-2221,v1
mesa-sleep-2227,v1
mesa-sleep-2233,v1
mesa-sleep-2239,v1
mesa-sleep-2243,v1
mesa-sleep-2246,v1
mesa-sleep-2251,v1
mesa-sleep-2260,v1
mesa-sleep-2263,v1
mesa-sleep-2264,v1
mesa-sleep-2265,v1
mesa-sleep-2266,v1
mesa-sleep-2267,v1
mesa-sleep-2268,v1
mesa-sleep-2269,v1
mesa-sleep-2274,v1
mesa-sleep-2276,v1
mesa-sleep-2279,v1
mesa-sleep-2280,v1
mesa-sleep-2289,v1
mesa-sleep-2291,v1
mesa-sleep-2292,v1
mesa-sleep-2297,v1
mesa-sleep-2299,v1
mesa-sleep-2300,v1
mesa-sleep-2303,v1
mesa-sleep-2305,v1
mesa-sleep-2308,v1
mesa-sleep-2309,v1
mesa-sleep-2311,v1
mesa-sleep-2314,v1
mesa-sleep-2317,v1
mesa-sleep-2325,v1
mesa-sleep-2328,v1
mesa-sleep-2337,v1
mesa-sleep-2339,v1
mesa-sleep-2345,v1
mesa-sleep-2349,v1
mesa-sleep-2362,v1
mesa-sleep-2363,v1
mesa-sleep-2368,v1
mesa-sleep-2372,v1
mesa-sleep-2374,v1
mesa-sleep-2375,v1
mesa-sleep-2376,v1
mesa-sleep-2377,v1
mesa-sleep-2388,v1
mesa-sleep-2394,v1
mesa-sleep-2397,v1
mesa-sleep-2400,v1
mesa-sleep-2408,v1
mesa-sleep-2413,v1
mesa-sleep-2414,v1
mesa-sleep-2416,v1
mesa-sleep-2421,v1
mesa-sleep-2429,v1
mesa-sleep-2434,v1
mesa-sleep-2441,v1
mesa-sleep-2443,v1
mesa-sleep-2451,v1
mesa-sleep-2452,v1
mesa-sleep-2455,v1
mesa-sleep-2459,v1
mesa-sleep-2463,v1
mesa-sleep-2464,v1
mesa-sleep-2467,v1
mesa-sleep-2468,v1
mesa-sleep-2470,v1
mesa-sleep-2472,v1
mesa-sleep-2473,v1
mesa-sleep-2474,v1
mesa-sleep-2484,v1
mesa-sleep-2487,v1
mesa-sleep-2488,v1
mesa-sleep-2494,v1
mesa-sleep-2496,v1
mesa-sleep-2504,v1
mesa-sleep-2507,v1
mesa-sleep-2509,v1
mesa-sleep-2510,v1
mesa-sleep-2513,v1
mesa-sleep-2519,v1
mesa-sleep-2523,v1
mesa-sleep-2527,v1
mesa-sleep-2533,v1
mesa-sleep-2537,v1
mesa-sleep-2538,v1
mesa-sleep-2539,v1
mesa-sleep-2548,v1
mesa-sleep-2549,v1
mesa-sleep-2551,v1
mesa-sleep-2556,v1
mesa-sleep-2567,v1
mesa-sleep-2572,v1
mesa-sleep-2573,v1
mesa-sleep-2574,v1
mesa-sleep-2581,v1
mesa-sleep-2582,v1
mesa-sleep-2590,v1
mesa-sleep-2593,v1
mesa-sleep-2598,v1
mesa-sleep-2602,v1
mesa-sleep-2603,v1
mesa-sleep-2604,v1
mesa-sleep-2608,v1
mesa-sleep-2613,v1
mesa-sleep-2614,v1
mesa-sleep-2615,v1
mesa-sleep-2616,v1
mesa-sleep-2626,v1
mesa-sleep-2632,v1
mesa-sleep-2634,v1
mesa-sleep-2636,v1
mesa-sleep-2638,v1
mesa-sleep-2639,v1
mesa-sleep-2648,v1
mesa-sleep-2650,v1
mesa-sleep-2651,v1
mesa-sleep-2655,v1
mesa-sleep-2659,v1
mesa-sleep-2660,v1
mesa-sleep-2665,v1
mesa-sleep-2668,v1
mesa-sleep-2670,v1
mesa-sleep-2676,v1
mesa-sleep-2677,v1
mesa-sleep-2680,v1
mesa-sleep-2681,v1
mesa-sleep-2685,v1
mesa-sleep-2687,v1
mesa-sleep-2688,v1
mesa-sleep-2694,v1
mesa-sleep-2696,v1
mesa-sleep-2701,v1
mesa-sleep-2705,v1
mesa-sleep-2709,v1
mesa-sleep-2711,v1
mesa-sleep-2714,v1
mesa-sleep-2715,v1
mesa-sleep-2722,v1
mesa-sleep-2723,v1
mesa-sleep-2725,v1
mesa-sleep-2727,v1
mesa-sleep-2728,v1
mesa-sleep-2729,v1
mesa-sleep-2735,v1
mesa-sleep-2738,v1
mesa-sleep-2739,v1
mesa-sleep-2747,v1
mesa-sleep-2750,v1
mesa-sleep-2752,v1
mesa-sleep-2757,v1
mesa-sleep-2759,v1
mesa-sleep-2762,v1
mesa-sleep-2764,v1
mesa-sleep-2771,v1
mesa-sleep-2772,v1
mesa-sleep-2780,v1
mesa-sleep-2781,v1
mesa-sleep-2787,v1
mesa-sleep-2792,v1
mesa-sleep-2796,v1
mesa-sleep-2798,v1
mesa-sleep-2800,v1
mesa-sleep-2802,v1
mesa-sleep-2807,v1
mesa-sleep-2808,v1
mesa-sleep-2811,v1
mesa-sleep-2814,v1
mesa-sleep-2819,v1
mesa-sleep-2820,v1
mesa-sleep-2821,v1
mesa-sleep-2828,v1
mesa-sleep-2830,v1
mesa-sleep-2834,v1
mesa-sleep-2836,v1
mesa-sleep-2838,v1
mesa-sleep-2846,v1
mesa-sleep-2848,v1
mesa-sleep-2851,v1
mesa-sleep-2852,v1
mesa-sleep-2854,v1
mesa-sleep-2862,v1
mesa-sleep-2863,v1
mesa-sleep-2868,v1
mesa-sleep-2876,v1
mesa-sleep-2877,v1
mesa-sleep-2879,v1
mesa-sleep-2880,v1
mesa-sleep-2881,v1
mesa-sleep-2887,v1
mesa-sleep-2892,v1
mesa-sleep-2894,v1
mesa-sleep-2896,v1
mesa-sleep-2897,v1
mesa-sleep-2898,v1
mesa-sleep-2903,v1
mesa-sleep-2904,v1
mesa-sleep-2906,v1
mesa-sleep-2911,v1
mesa-sleep-2913,v1
mesa-sleep-2915,v1
mesa-sleep-2926,v1
mesa-sleep-2930,v1
mesa-sleep-2932,v1
mesa-sleep-2933,v1
mesa-sleep-2934,v1
mesa-sleep-2938,v1
mesa-sleep-2941,v1
mesa-sleep-2946,v1
mesa-sleep-2952,v1
mesa-sleep-2954,v1
mesa-sleep-2957,v1
mesa-sleep-2958,v1
mesa-sleep-2961,v1
mesa-sleep-2966,v1
mesa-sleep-2969,v1
mesa-sleep-2970,v1
mesa-sleep-2977,v1
mesa-sleep-2982,v1
mesa-sleep-2987,v1
mesa-sleep-2988,v1
mesa-sleep-2993,v1
mesa-sleep-2995,v1
mesa-sleep-2996,v1
mesa-sleep-2999,v1
mesa-sleep-3003,v1
mesa-sleep-3006,v1
mesa-sleep-3011,v1
mesa-sleep-3012,v1
mesa-sleep-3013,v1
mesa-sleep-3015,v1
mesa-sleep-3016,v1
mesa-sleep-3018,v1
mesa-sleep-3021,v1
mesa-sleep-3024,v1
mesa-sleep-3025,v1
mesa-sleep-3028,v1
mesa-sleep-3032,v1
mesa-sleep-3037,v1
mesa-sleep-3040,v1
mesa-sleep-3042,v1
mesa-sleep-3043,v1
mesa-sleep-3044,v1
mesa-sleep-3048,v1
mesa-sleep-3052,v1
mesa-sleep-3053,v1
mesa-sleep-3061,v1
mesa-sleep-3066,v1
mesa-sleep-3068,v1
mesa-sleep-3072,v1
mesa-sleep-3073,v1
mesa-sleep-3086,v1
mesa-sleep-3089,v1
mesa-sleep-3094,v1
mesa-sleep-3101,v1
mesa-sleep-3102,v1
mesa-sleep-3104,v1
mesa-sleep-3106,v1
mesa-sleep-3111,v1
mesa-sleep-3112,v1
mesa-sleep-3113,v1
mesa-sleep-3121,v1
mesa-sleep-3132,v1
mesa-sleep-3133,v1
mesa-sleep-3135,v1
mesa-sleep-3136,v1
mesa-sleep-3140,v1
mesa-sleep-3147,v1
mesa-sleep-3149,v1
mesa-sleep-3150,v1
mesa-sleep-3153,v1
mesa-sleep-3155,v1
mesa-sleep-3156,v1
mesa-sleep-3158,v1
mesa-sleep-3168,v1
mesa-sleep-3173,v1
mesa-sleep-3180,v1
mesa-sleep-3186,v1
mesa-sleep-3190,v1
mesa-sleep-3193,v1
mesa-sleep-3203,v1
mesa-sleep-3204,v1
mesa-sleep-3206,v1
mesa-sleep-3208,v1
mesa-sleep-3211,v1
mesa-sleep-3212,v1
mesa-sleep-3216,v1
mesa-sleep-3218,v1
mesa-sleep-3223,v1
mesa-sleep-3224,v1
mesa-sleep-3236,v1
mesa-sleep-3239,v1
mesa-sleep-3251,v1
mesa-sleep-3257,v1
mesa-sleep-3259,v1
mesa-sleep-3262,v1
mesa-sleep-3264,v1
mesa-sleep-3267,v1
mesa-sleep-3275,v1
mesa-sleep-3280,v1
mesa-sleep-3281,v1
mesa-sleep-3290,v1
mesa-sleep-3293,v1
mesa-sleep-3294,v1
mesa-sleep-3297,v1
mesa-sleep-3298,v1
mesa-sleep-3299,v1
mesa-sleep-3302,v1
mesa-sleep-3303,v1
mesa-sleep-3308,v1
mesa-sleep-3310,v1
mesa-sleep-3311,v1
mesa-sleep-3313,v1
mesa-sleep-3314,v1
mesa-sleep-3317,v1
mesa-sleep-3324,v1
mesa-sleep-3332,v1
mesa-sleep-3335,v1
mesa-sleep-3336,v1
mesa-sleep-3337,v1
mesa-sleep-3341,v1
mesa-sleep-3344,v1
mesa-sleep-3347,v1
mesa-sleep-3349,v1
mesa-sleep-3352,v1
mesa-sleep-3354,v1
mesa-sleep-3356,v1
mesa-sleep-3367,v1
mesa-sleep-3369,v1
mesa-sleep-3373,v1
mesa-sleep-3375,v1
mesa-sleep-3377,v1
mesa-sleep-3378,v1
mesa-sleep-3382,v1
mesa-sleep-3387,v1
mesa-sleep-3389,v1
mesa-sleep-3390,v1
mesa-sleep-3392,v1
mesa-sleep-3394,v1
mesa-sleep-3396,v1
mesa-sleep-3399,v1
mesa-sleep-3404,v1
mesa-sleep-3407,v1
mesa-sleep-3408,v1
mesa-sleep-3409,v1
mesa-sleep-3410,v1
mesa-sleep-3413,v1
mesa-sleep-3415,v1
mesa-sleep-3419,v1
mesa-sleep-3423,v1
mesa-sleep-3426,v1
mesa-sleep-3431,v1
mesa-sleep-3432,v1
mesa-sleep-3439,v1
mesa-sleep-3440,v1
mesa-sleep-3441,v1
mesa-sleep-3442,v1
mesa-sleep-3449,v1
mesa-sleep-3452,v1
mesa-sleep-3455,v1
mesa-sleep-3457,v1
mesa-sleep-3464,v1
mesa-sleep-3468,v1
mesa-sleep-3469,v1
mesa-sleep-3472,v1
mesa-sleep-3477,v1
mesa-sleep-3479,v1
mesa-sleep-3481,v1
mesa-sleep-3486,v1
mesa-sleep-3492,v1
mesa-sleep-3495,v1
mesa-sleep-3499,v1
mesa-sleep-3500,v1
mesa-sleep-3506,v1
mesa-sleep-3508,v1
mesa-sleep-3510,v1
mesa-sleep-3516,v1
mesa-sleep-3519,v1
mesa-sleep-3520,v1
mesa-sleep-3529,v1
mesa-sleep-3530,v1
mesa-sleep-3533,v1
mesa-sleep-3537,v1
mesa-sleep-3538,v1
mesa-sleep-3539,v1
mesa-sleep-3541,v1
mesa-sleep-3542,v1
mesa-sleep-3543,v1
mesa-sleep-3547,v1
mesa-sleep-3554,v1
mesa-sleep-3555,v1
mesa-sleep-3556,v1
mesa-sleep-3557,v1
mesa-sleep-3558,v1
mesa-sleep-3560,v1
mesa-sleep-3561,v1
mesa-sleep-3564,v1
mesa-sleep-3566,v1
mesa-sleep-3570,v1
mesa-sleep-3572,v1
mesa-sleep-3575,v1
mesa-sleep-3581,v1
mesa-sleep-3583,v1
mesa-sleep-3585,v1
mesa-sleep-3591,v1
mesa-sleep-3592,v1
mesa-sleep-3594,v1
mesa-sleep-3596,v1
mesa-sleep-3598,v1
mesa-sleep-3603,v1
mesa-sleep-3604,v1
mesa-sleep-3612,v1
mesa-sleep-3622,v1
mesa-sleep-3625,v1
mesa-sleep-3629,v1
mesa-sleep-3630,v1
mesa-sleep-3634,v1
mesa-sleep-3635,v1
mesa-sleep-3637,v1
mesa-sleep-3639,v1
mesa-sleep-3641,v1
mesa-sleep-3647,v1
mesa-sleep-3652,v1
mesa-sleep-3656,v1
mesa-sleep-3660,v1
mesa-sleep-3664,v1
mesa-sleep-3666,v1
mesa-sleep-3671,v1
mesa-sleep-3674,v1
mesa-sleep-3684,v1
mesa-sleep-3685,v1
mesa-sleep-3689,v1
mesa-sleep-3690,v1
mesa-sleep-3692,v1
mesa-sleep-3693,v1
mesa-sleep-3696,v1
mesa-sleep-3698,v1
mesa-sleep-3702,v1
mesa-sleep-3703,v1
mesa-sleep-3707,v1
mesa-sleep-3708,v1
mesa-sleep-3710,v1
mesa-sleep-3711,v1
mesa-sleep-3712,v1
mesa-sleep-3717,v1
mesa-sleep-3730,v1
mesa-sleep-3734,v1
mesa-sleep-3736,v1
mesa-sleep-3737,v1
mesa-sleep-3738,v1
mesa-sleep-3742,v1
mesa-sleep-3743,v1
mesa-sleep-3745,v1
mesa-sleep-3750,v1
mesa-sleep-3751,v1
mesa-sleep-3754,v1
mesa-sleep-3760,v1
mesa-sleep-3761,v1
mesa-sleep-3770,v1
mesa-sleep-3771,v1
mesa-sleep-3777,v1
mesa-sleep-3781,v1
mesa-sleep-3785,v1
mesa-sleep-3787,v1
mesa-sleep-3793,v1
mesa-sleep-3795,v1
mesa-sleep-3801,v1
mesa-sleep-3803,v1
mesa-sleep-3815,v1
mesa-sleep-3818,v1
mesa-sleep-3819,v1
mesa-sleep-3822,v1
mesa-sleep-3823,v1
mesa-sleep-3833,v1
mesa-sleep-3834,v1
mesa-sleep-3836,v1
mesa-sleep-3839,v1
mesa-sleep-3840,v1
mesa-sleep-3842,v1
mesa-sleep-3850,v1
mesa-sleep-3852,v1
mesa-sleep-3854,v1
mesa-sleep-3855,v1
mesa-sleep-3856,v1
mesa-sleep-3861,v1
mesa-sleep-3865,v1
mesa-sleep-3867,v1
mesa-sleep-3873,v1
mesa-sleep-3874,v1
mesa-sleep-3876,v1
mesa-sleep-3886,v1
mesa-sleep-3887,v1
mesa-sleep-3889,v1
mesa-sleep-3890,v1
mesa-sleep-3892,v1
mesa-sleep-3894,v1
mesa-sleep-3897,v1
mesa-sleep-3901,v1
mesa-sleep-3902,v1
mesa-sleep-3904,v1
mesa-sleep-3906,v1
mesa-sleep-3913,v1
mesa-sleep-3914,v1
mesa-sleep-3917,v1
mesa-sleep-3918,v1
mesa-sleep-3920,v1
mesa-sleep-3921,v1
mesa-sleep-3924,v1
mesa-sleep-3925,v1
mesa-sleep-3931,v1
mesa-sleep-3933,v1
mesa-sleep-3934,v1
mesa-sleep-3936,v1
mesa-sleep-3939,v1
mesa-sleep-3945,v1
mesa-sleep-3948,v1
mesa-sleep-3950,v1
mesa-sleep-3951,v1
mesa-sleep-3967,v1
mesa-sleep-3971,v1
mesa-sleep-3972,v1
mesa-sleep-3974,v1
mesa-sleep-3975,v1
mesa-sleep-3976,v1
mesa-sleep-3980,v1
mesa-sleep-3987,v1
mesa-sleep-3992,v1
mesa-sleep-3993,v1
mesa-sleep-3996,v1
mesa-sleep-3997,v1
mesa-sleep-4000,v1
mesa-sleep-4003,v1
mesa-sleep-4012,v1
mesa-sleep-4014,v1
mesa-sleep-4015,v1
mesa-sleep-4016,v1
mesa-sleep-4017,v1
mesa-sleep-4023,v1
mesa-sleep-4026,v1
mesa-sleep-4028,v1
mesa-sleep-4029,v1
mesa-sleep-4032,v1
mesa-sleep-4036,v1
mesa-sleep-4038,v1
mesa-sleep-4044,v1
mesa-sleep-4047,v1
mesa-sleep-4053,v1
mesa-sleep-4055,v1
mesa-sleep-4057,v1
mesa-sleep-4062,v1
mesa-sleep-4070,v1
mesa-sleep-4077,v1
mesa-sleep-4085,v1
mesa-sleep-4087,v1
mesa-sleep-4088,v1
mesa-sleep-4090,v1
mesa-sleep-4091,v1
mesa-sleep-4099,v1
mesa-sleep-4109,v1
mesa-sleep-4110,v1
mesa-sleep-4111,v1
mesa-sleep-4114,v1
mesa-sleep-4116,v1
mesa-sleep-4117,v1
mesa-sleep-4120,v1
mesa-sleep-4123,v1
mesa-sleep-4128,v1
mesa-sleep-4129,v1
mesa-sleep-4137,v1
mesa-sleep-4140,v1
mesa-sleep-4141,v1
mesa-sleep-4152,v1
mesa-sleep-4157,v1
mesa-sleep-4158,v1
mesa-sleep-4163,v1
mesa-sleep-4165,v1
mesa-sleep-4167,v1
mesa-sleep-4168,v1
mesa-sleep-4170,v1
mesa-sleep-4171,v1
mesa-sleep-4173,v1
mesa-sleep-4174,v1
mesa-sleep-4178,v1
mesa-sleep-4186,v1
mesa-sleep-4189,v1
mesa-sleep-4190,v1
mesa-sleep-4196,v1
mesa-sleep-4199,v1
mesa-sleep-4200,v1
mesa-sleep-4203,v1
mesa-sleep-4205,v1
mesa-sleep-4215,v1
mesa-sleep-4216,v1
mesa-sleep-4219,v1
mesa-sleep-4223,v1
mesa-sleep-4224,v1
mesa-sleep-4227,v1
mesa-sleep-4228,v1
mesa-sleep-4229,v1
mesa-sleep-4230,v1
mesa-sleep-4232,v1
mesa-sleep-4236,v1
mesa-sleep-4240,v1
mesa-sleep-4241,v1
mesa-sleep-4244,v1
mesa-sleep-4245,v1
mesa-sleep-4250,v1
mesa-sleep-4252,v1
mesa-sleep-4254,v1
mesa-sleep-4256,v1
mesa-sleep-4257,v1
mesa-sleep-4258,v1
mesa-sleep-4265,v1
mesa-sleep-4266,v1
mesa-sleep-4267,v1
mesa-sleep-4268,v1
mesa-sleep-4270,v1
mesa-sleep-4273,v1
mesa-sleep-4275,v1
mesa-sleep-4276,v1
mesa-sleep-4277,v1
mesa-sleep-4284,v1
mesa-sleep-4285,v1
mesa-sleep-4289,v1
mesa-sleep-4292,v1
mesa-sleep-4294,v1
mesa-sleep-4295,v1
mesa-sleep-4296,v1
mesa-sleep-4298,v1
mesa-sleep-4301,v1
mesa-sleep-4304,v1
mesa-sleep-4305,v1
mesa-sleep-4308,v1
mesa-sleep-4309,v1
mesa-sleep-4311,v1
mesa-sleep-4316,v1
mesa-sleep-4318,v1
mesa-sleep-4319,v1
mesa-sleep-4322,v1
mesa-sleep-4325,v1
mesa-sleep-4330,v1
mesa-sleep-4332,v1
mesa-sleep-4333,v1
mesa-sleep-4334,v1
mesa-sleep-4340,v1
mesa-sleep-4341,v1
mesa-sleep-4345,v1
mesa-sleep-4352,v1
mesa-sleep-4366,v1
mesa-sleep-4367,v1
mesa-sleep-4375,v1
mesa-sleep-4379,v1
mesa-sleep-4383,v1
mesa-sleep-4385,v1
mesa-sleep-4389,v1
mesa-sleep-4393,v1
mesa-sleep-4394,v1
mesa-sleep-4396,v1
mesa-sleep-4406,v1
mesa-sleep-4408,v1
mesa-sleep-4409,v1
mesa-sleep-4410,v1
mesa-sleep-4411,v1
mesa-sleep-4412,v1
mesa-sleep-4415,v1
mesa-sleep-4417,v1
mesa-sleep-4420,v1
mesa-sleep-4428,v1
mesa-sleep-4432,v1
mesa-sleep-4436,v1
mesa-sleep-4437,v1
mesa-sleep-4443,v1
mesa-sleep-4449,v1
mesa-sleep-4450,v1
mesa-sleep-4460,v1
mesa-sleep-4461,v1
mesa-sleep-4462,v1
mesa-sleep-4465,v1
mesa-sleep-4469,v1
mesa-sleep-4474,v1
mesa-sleep-4476,v1
mesa-sleep-4477,v1
mesa-sleep-4478,v1
mesa-sleep-4479,v1
mesa-sleep-4480,v1
mesa-sleep-4484,v1
mesa-sleep-4488,v1
mesa-sleep-4490,v1
mesa-sleep-4492,v1
mesa-sleep-4493,v1
mesa-sleep-4495,v1
mesa-sleep-4496,v1
mesa-sleep-4497,v1
mesa-sleep-4499,v1
mesa-sleep-4500,v1
mesa-sleep-4501,v1
mesa-sleep-4506,v1
mesa-sleep-4508,v1
mesa-sleep-4511,v1
mesa-sleep-4512,v1
mesa-sleep-4514,v1
mesa-sleep-4515,v1
mesa-sleep-4520,v1
mesa-sleep-4527,v1
mesa-sleep-4529,v1
mesa-sleep-4535,v1
mesa-sleep-4538,v1
mesa-sleep-4541,v1
mesa-sleep-4544,v1
mesa-sleep-4545,v1
mesa-sleep-4552,v1
mesa-sleep-4554,v1
mesa-sleep-4555,v1
mesa-sleep-4557,v1
mesa-sleep-4561,v1
mesa-sleep-4563,v1
mesa-sleep-4570,v1
mesa-sleep-4575,v1
mesa-sleep-4576,v1
mesa-sleep-4577,v1
mesa-sleep-4579,v1
mesa-sleep-4580,v1
mesa-sleep-4582,v1
mesa-sleep-4584,v1
mesa-sleep-4588,v1
mesa-sleep-4590,v1
mesa-sleep-4592,v1
mesa-sleep-4597,v1
mesa-sleep-4598,v1
mesa-sleep-4600,v1
mesa-sleep-4611,v1
mesa-sleep-4612,v1
mesa-sleep-4614,v1
mesa-sleep-4615,v1
mesa-sleep-4617,v1
mesa-sleep-4618,v1
mesa-sleep-4622,v1
mesa-sleep-4623,v1
mesa-sleep-4624,v1
mesa-sleep-4627,v1
mesa-sleep-4635,v1
mesa-sleep-4638,v1
mesa-sleep-4641,v1
mesa-sleep-4642,v1
mesa-sleep-4648,v1
mesa-sleep-4649,v1
mesa-sleep-4650,v1
mesa-sleep-4658,v1
mesa-sleep-4661,v1
mesa-sleep-4662,v1
mesa-sleep-4667,v1
mesa-sleep-4668,v1
mesa-sleep-4671,v1
mesa-sleep-4675,v1
mesa-sleep-4677,v1
mesa-sleep-4682,v1
mesa-sleep-4683,v1
mesa-sleep-4701,v1
mesa-sleep-4706,v1
mesa-sleep-4715,v1
mesa-sleep-4720,v1
mesa-sleep-4723,v1
mesa-sleep-4728,v1
mesa-sleep-4729,v1
mesa-sleep-4730,v1
mesa-sleep-4731,v1
mesa-sleep-4732,v1
mesa-sleep-4734,v1
mesa-sleep-4750,v1
mesa-sleep-4756,v1
mesa-sleep-4759,v1
mesa-sleep-4760,v1
mesa-sleep-4763,v1
mesa-sleep-4765,v1
mesa-sleep-4772,v1
mesa-sleep-4774,v1
mesa-sleep-4777,v1
mesa-sleep-4778,v1
mesa-sleep-4782,v1
mesa-sleep-4783,v1
mesa-sleep-4786,v1
mesa-sleep-4789,v1
mesa-sleep-4794,v1
mesa-sleep-4795,v1
mesa-sleep-4805,v1
mesa-sleep-4806,v1
mesa-sleep-4808,v1
mesa-sleep-4815,v1
mesa-sleep-4816,v1
mesa-sleep-4820,v1
mesa-sleep-4822,v1
mesa-sleep-4826,v1
mesa-sleep-4830,v1
mesa-sleep-4831,v1
mesa-sleep-4839,v1
mesa-sleep-4842,v1
mesa-sleep-4846,v1
mesa-sleep-4849,v1
mesa-sleep-4854,v1
mesa-sleep-4860,v1
mesa-sleep-4861,v1
mesa-sleep-4864,v1
mesa-sleep-4865,v1
mesa-sleep-4873,v1
mesa-sleep-4875,v1
mesa-sleep-4878,v1
mesa-sleep-4880,v1
mesa-sleep-4886,v1
mesa-sleep-4888,v1
mesa-sleep-4892,v1
mesa-sleep-4895,v1
mesa-sleep-4912,v1
mesa-sleep-4918,v1
mesa-sleep-4928,v1
mesa-sleep-4929,v1
mesa-sleep-4935,v1
mesa-sleep-4939,v1
mesa-sleep-4947,v1
mesa-sleep-4948,v1
mesa-sleep-4950,v1
mesa-sleep-4951,v1
mesa-sleep-4958,v1
mesa-sleep-4961,v1
mesa-sleep-4969,v1
mesa-sleep-4974,v1
mesa-sleep-4980,v1
mesa-sleep-4989,v1
mesa-sleep-4994,v1
mesa-sleep-4995,v1
mesa-sleep-4998,v1
mesa-sleep-5000,v1
mesa-sleep-5001,v1
mesa-sleep-5002,v1
mesa-sleep-5006,v1
mesa-sleep-5007,v1
mesa-sleep-5009,v1
mesa-sleep-5011,v1
mesa-sleep-5017,v1
mesa-sleep-5029,v1
mesa-sleep-5031,v1
mesa-sleep-5033,v1
mesa-sleep-5038,v1
mesa-sleep-5040,v1
mesa-sleep-5047,v1
mesa-sleep-5053,v1
mesa-sleep-5056,v1
mesa-sleep-5063,v1
mesa-sleep-5067,v1
mesa-sleep-5072,v1
mesa-sleep-5073,v1
mesa-sleep-5075,v1
mesa-sleep-5077,v1
mesa-sleep-5079,v1
mesa-sleep-5092,v1
mesa-sleep-5096,v1
mesa-sleep-5097,v1
mesa-sleep-5101,v1
mesa-sleep-5103,v1
mesa-sleep-5104,v1
mesa-sleep-5108,v1
mesa-sleep-5117,v1
mesa-sleep-5118,v1
mesa-sleep-5119,v1
mesa-sleep-5121,v1
mesa-sleep-5127,v1
mesa-sleep-5129,v1
mesa-sleep-5131,v1
mesa-sleep-5134,v1
mesa-sleep-5135,v1
mesa-sleep-5137,v1
mesa-sleep-5148,v1
mesa-sleep-5149,v1
mesa-sleep-5151,v1
mesa-sleep-5155,v1
mesa-sleep-5157,v1
mesa-sleep-5162,v1
mesa-sleep-5163,v1
mesa-sleep-5166,v1
mesa-sleep-5167,v1
mesa-sleep-5169,v1
mesa-sleep-5173,v1
mesa-sleep-5177,v1
mesa-sleep-5179,v1
mesa-sleep-5182,v1
mesa-sleep-5187,v1
mesa-sleep-5195,v1
mesa-sleep-5196,v1
mesa-sleep-5199,v1
mesa-sleep-5201,v1
mesa-sleep-5202,v1
mesa-sleep-5203,v1
mesa-sleep-5208,v1
mesa-sleep-5214,v1
mesa-sleep-5219,v1
mesa-sleep-5221,v1
mesa-sleep-5224,v1
mesa-sleep-5231,v1
mesa-sleep-5232,v1
mesa-sleep-5234,v1
mesa-sleep-5238,v1
mesa-sleep-5239,v1
mesa-sleep-5240,v1
mesa-sleep-5241,v1
mesa-sleep-5243,v1
mesa-sleep-5255,v1
mesa-sleep-5259,v1
mesa-sleep-5261,v1
mesa-sleep-5267,v1
mesa-sleep-5268,v1
mesa-sleep-5272,v1
mesa-sleep-5273,v1
mesa-sleep-5274,v1
mesa-sleep-5276,v1
mesa-sleep-5277,v1
mesa-sleep-5281,v1
mesa-sleep-5283,v1
mesa-sleep-5284,v1
mesa-sleep-5287,v1
mesa-sleep-5292,v1
mesa-sleep-5295,v1
mesa-sleep-5298,v1
mesa-sleep-5299,v1
mesa-sleep-5300,v1
mesa-sleep-5302,v1
mesa-sleep-5303,v1
mesa-sleep-5304,v1
mesa-sleep-5308,v1
mesa-sleep-5309,v1
mesa-sleep-5311,v1
mesa-sleep-5316,v1
mesa-sleep-5318,v1
mesa-sleep-5326,v1
mesa-sleep-5328,v1
mesa-sleep-5331,v1
mesa-sleep-5332,v1
mesa-sleep-5339,v1
mesa-sleep-5343,v1
mesa-sleep-5351,v1
mesa-sleep-5353,v1
mesa-sleep-5354,v1
mesa-sleep-5357,v1
mesa-sleep-5358,v1
mesa-sleep-5362,v1
mesa-sleep-5364,v1
mesa-sleep-5365,v1
mesa-sleep-5366,v1
mesa-sleep-5369,v1
mesa-sleep-5372,v1
mesa-sleep-5373,v1
mesa-sleep-5381,v1
mesa-sleep-5387,v1
mesa-sleep-5390,v1
mesa-sleep-5393,v1
mesa-sleep-5395,v1
mesa-sleep-5396,v1
mesa-sleep-5397,v1
mesa-sleep-5402,v1
mesa-sleep-5405,v1
mesa-sleep-5409,v1
mesa-sleep-5414,v1
mesa-sleep-5423,v1
mesa-sleep-5427,v1
mesa-sleep-5429,v1
mesa-sleep-5431,v1
mesa-sleep-5433,v1
mesa-sleep-5438,v1
mesa-sleep-5440,v1
mesa-sleep-5443,v1
mesa-sleep-5447,v1
mesa-sleep-5450,v1
mesa-sleep-5451,v1
mesa-sleep-5457,v1
mesa-sleep-5463,v1
mesa-sleep-5464,v1
mesa-sleep-5469,v1
mesa-sleep-5472,v1
mesa-sleep-5474,v1
mesa-sleep-5475,v1
mesa-sleep-5476,v1
mesa-sleep-5479,v1
mesa-sleep-5480,v1
mesa-sleep-5489,v1
mesa-sleep-5491,v1
mesa-sleep-5494,v1
mesa-sleep-5496,v1
mesa-sleep-5499,v1
mesa-sleep-5500,v1
mesa-sleep-5503,v1
mesa-sleep-5510,v1
mesa-sleep-5513,v1
mesa-sleep-5514,v1
mesa-sleep-5518,v1
mesa-sleep-5522,v1
mesa-sleep-5527,v1
mesa-sleep-5529,v1
mesa-sleep-5532,v1
mesa-sleep-5537,v1
mesa-sleep-5543,v1
mesa-sleep-5550,v1
mesa-sleep-5551,v1
mesa-sleep-5555,v1
mesa-sleep-5557,v1
mesa-sleep-5559,v1
mesa-sleep-5563,v1
mesa-sleep-5565,v1
mesa-sleep-5568,v1
mesa-sleep-5570,v1
mesa-sleep-5574,v1
mesa-sleep-5577,v1
mesa-sleep-5580,v1
mesa-sleep-5581,v1
mesa-sleep-5582,v1
mesa-sleep-5586,v1
mesa-sleep-5592,v1
mesa-sleep-5596,v1
mesa-sleep-5599,v1
mesa-sleep-5603,v1
mesa-sleep-5606,v1
mesa-sleep-5608,v1
mesa-sleep-5617,v1
mesa-sleep-5619,v1
mesa-sleep-5621,v1
mesa-sleep-5622,v1
mesa-sleep-5623,v1
mesa-sleep-5627,v1
mesa-sleep-5631,v1
mesa-sleep-5632,v1
mesa-sleep-5635,v1
mesa-sleep-5654,v1
mesa-sleep-5656,v1
mesa-sleep-5658,v1
mesa-sleep-5659,v1
mesa-sleep-5660,v1
mesa-sleep-5662,v1
mesa-sleep-5665,v1
mesa-sleep-5669,v1
mesa-sleep-5673,v1
mesa-sleep-5677,v1
mesa-sleep-5680,v1
mesa-sleep-5686,v1
mesa-sleep-5692,v1
mesa-sleep-5695,v1
mesa-sleep-5696,v1
mesa-sleep-5697,v1
mesa-sleep-5703,v1
mesa-sleep-5704,v1
mesa-sleep-5706,v1
mesa-sleep-5708,v1
mesa-sleep-5714,v1
mesa-sleep-5716,v1
mesa-sleep-5721,v1
mesa-sleep-5722,v1
mesa-sleep-5733,v1
mesa-sleep-5734,v1
mesa-sleep-5737,v1
mesa-sleep-5740,v1
mesa-sleep-5748,v1
mesa-sleep-5749,v1
mesa-sleep-5753,v1
mesa-sleep-5754,v1
mesa-sleep-5759,v1
mesa-sleep-5775,v1
mesa-sleep-5777,v1
mesa-sleep-5780,v1
mesa-sleep-5782,v1
mesa-sleep-5784,v1
mesa-sleep-5786,v1
mesa-sleep-5788,v1
mesa-sleep-5789,v1
mesa-sleep-5792,v1
mesa-sleep-5793,v1
mesa-sleep-5796,v1
mesa-sleep-5797,v1
mesa-sleep-5798,v1
mesa-sleep-5801,v1
mesa-sleep-5805,v1
mesa-sleep-5806,v1
mesa-sleep-5810,v1
mesa-sleep-5814,v1
mesa-sleep-5821,v1
mesa-sleep-5827,v1
mesa-sleep-5828,v1
mesa-sleep-5830,v1
mesa-sleep-5831,v1
mesa-sleep-5832,v1
mesa-sleep-5837,v1
mesa-sleep-5838,v1
mesa-sleep-5841,v1
mesa-sleep-5842,v1
mesa-sleep-5845,v1
mesa-sleep-5846,v1
mesa-sleep-5847,v1
mesa-sleep-5851,v1
mesa-sleep-5854,v1
mesa-sleep-5857,v1
mesa-sleep-5858,v1
mesa-sleep-5864,v1
mesa-sleep-5868,v1
mesa-sleep-5869,v1
mesa-sleep-5871,v1
mesa-sleep-5875,v1
mesa-sleep-5876,v1
mesa-sleep-5877,v1
mesa-sleep-5881,v1
mesa-sleep-5882,v1
mesa-sleep-5884,v1
mesa-sleep-5885,v1
mesa-sleep-5886,v1
mesa-sleep-5887,v1
mesa-sleep-5888,v1
mesa-sleep-5890,v1
mesa-sleep-5891,v1
mesa-sleep-5896,v1
mesa-sleep-5897,v1
mesa-sleep-5899,v1
mesa-sleep-5906,v1
mesa-sleep-5907,v1
mesa-sleep-5909,v1
mesa-sleep-5911,v1
mesa-sleep-5921,v1
mesa-sleep-5924,v1
mesa-sleep-5932,v1
mesa-sleep-5939,v1
mesa-sleep-5942,v1
mesa-sleep-5945,v1
mesa-sleep-5947,v1
mesa-sleep-5954,v1
mesa-sleep-5955,v1
mesa-sleep-5957,v1
mesa-sleep-5958,v1
mesa-sleep-5969,v1
mesa-sleep-5970,v1
mesa-sleep-5977,v1
mesa-sleep-5980,v1
mesa-sleep-5982,v1
mesa-sleep-5983,v1
mesa-sleep-5986,v1
mesa-sleep-5988,v1
mesa-sleep-5990,v1
mesa-sleep-5993,v1
mesa-sleep-5995,v1
mesa-sleep-5998,v1
mesa-sleep-6000,v1
mesa-sleep-6001,v1
mesa-sleep-6002,v1
mesa-sleep-6003,v1
mesa-sleep-6005,v1
mesa-sleep-6009,v1
mesa-sleep-6011,v1
mesa-sleep-6015,v1
mesa-sleep-6019,v1
mesa-sleep-6020,v1
mesa-sleep-6022,v1
mesa-sleep-6024,v1
mesa-sleep-6027,v1
mesa-sleep-6029,v1
mesa-sleep-6036,v1
mesa-sleep-6037,v1
mesa-sleep-6039,v1
mesa-sleep-6043,v1
mesa-sleep-6047,v1
mesa-sleep-6050,v1
mesa-sleep-6052,v1
mesa-sleep-6053,v1
mesa-sleep-6064,v1
mesa-sleep-6065,v1
mesa-sleep-6067,v1
mesa-sleep-6071,v1
mesa-sleep-6072,v1
mesa-sleep-6073,v1
mesa-sleep-6074,v1
mesa-sleep-6075,v1
mesa-sleep-6076,v1
mesa-sleep-6077,v1
mesa-sleep-6081,v1
mesa-sleep-6087,v1
mesa-sleep-6088,v1
mesa-sleep-6091,v1
mesa-sleep-6095,v1
mesa-sleep-6097,v1
mesa-sleep-6099,v1
mesa-sleep-6106,v1
mesa-sleep-6115,v1
mesa-sleep-6117,v1
mesa-sleep-6119,v1
mesa-sleep-6123,v1
mesa-sleep-6128,v1
mesa-sleep-6131,v1
mesa-sleep-6132,v1
mesa-sleep-6136,v1
mesa-sleep-6138,v1
mesa-sleep-6139,v1
mesa-sleep-6140,v1
mesa-sleep-6145,v1
mesa-sleep-6151,v1
mesa-sleep-6155,v1
mesa-sleep-6156,v1
mesa-sleep-6157,v1
mesa-sleep-6160,v1
mesa-sleep-6172,v1
mesa-sleep-6174,v1
mesa-sleep-6176,v1
mesa-sleep-6180,v1
mesa-sleep-6183,v1
mesa-sleep-6193,v1
mesa-sleep-6195,v1
mesa-sleep-6202,v1
mesa-sleep-6205,v1
mesa-sleep-6209,v1
mesa-sleep-6215,v1
mesa-sleep-6217,v1
mesa-sleep-6221,v1
mesa-sleep-6223,v1
mesa-sleep-6224,v1
mesa-sleep-6226,v1
mesa-sleep-6230,v1
mesa-sleep-6236,v1
mesa-sleep-6238,v1
mesa-sleep-6240,v1
mesa-sleep-6244,v1
mesa-sleep-6245,v1
mesa-sleep-6248,v1
mesa-sleep-6252,v1
mesa-sleep-6261,v1
mesa-sleep-6262,v1
mesa-sleep-6263,v1
mesa-sleep-6266,v1
mesa-sleep-6274,v1
mesa-sleep-6278,v1
mesa-sleep-6279,v1
mesa-sleep-6280,v1
mesa-sleep-6281,v1
mesa-sleep-6286,v1
mesa-sleep-6288,v1
mesa-sleep-6290,v1
mesa-sleep-6291,v1
mesa-sleep-6292,v1
mesa-sleep-6295,v1
mesa-sleep-6296,v1
mesa-sleep-6298,v1
mesa-sleep-6300,v1
mesa-sleep-6306,v1
mesa-sleep-6308,v1
mesa-sleep-6309,v1
mesa-sleep-6311,v1
mesa-sleep-6313,v1
mesa-sleep-6314,v1
mesa-sleep-6316,v1
mesa-sleep-6317,v1
mesa-sleep-6318,v1
mesa-sleep-6320,v1
mesa-sleep-6321,v1
mesa-sleep-6322,v1
mesa-sleep-6323,v1
mesa-sleep-6330,v1
mesa-sleep-6331,v1
mesa-sleep-6333,v1
mesa-sleep-6335,v1
mesa-sleep-6336,v1
mesa-sleep-6337,v1
mesa-sleep-6340,v1
mesa-sleep-6350,v1
mesa-sleep-6351,v1
mesa-sleep-6353,v1
mesa-sleep-6362,v1
mesa-sleep-6366,v1
mesa-sleep-6367,v1
mesa-sleep-6370,v1
mesa-sleep-6372,v1
mesa-sleep-6374,v1
mesa-sleep-6376,v1
mesa-sleep-6382,v1
mesa-sleep-6383,v1
mesa-sleep-6384,v1
mesa-sleep-6385,v1
mesa-sleep-6390,v1
mesa-sleep-6401,v1
mesa-sleep-6410,v1
mesa-sleep-6413,v1
mesa-sleep-6414,v1
mesa-sleep-6415,v1
mesa-sleep-6416,v1
mesa-sleep-6417,v1
mesa-sleep-6419,v1
mesa-sleep-6422,v1
mesa-sleep-6424,v1
mesa-sleep-6430,v1
mesa-sleep-6431,v1
mesa-sleep-6432,v1
mesa-sleep-6433,v1
mesa-sleep-6435,v1
mesa-sleep-6438,v1
mesa-sleep-6440,v1
mesa-sleep-6442,v1
mesa-sleep-6444,v1
mesa-sleep-6445,v1
mesa-sleep-6447,v1
mesa-sleep-6450,v1
mesa-sleep-6452,v1
mesa-sleep-6454,v1
mesa-sleep-6460,v1
mesa-sleep-6462,v1
mesa-sleep-6467,v1
mesa-sleep-6471,v1
mesa-sleep-6475,v1
mesa-sleep-6476,v1
mesa-sleep-6477,v1
mesa-sleep-6482,v1
mesa-sleep-6485,v1
mesa-sleep-6491,v1
mesa-sleep-6492,v1
mesa-sleep-6493,v1
mesa-sleep-6500,v1
mesa-sleep-6501,v1
mesa-sleep-6502,v1
mesa-sleep-6503,v1
mesa-sleep-6505,v1
mesa-sleep-6506,v1
mesa-sleep-6509,v1
mesa-sleep-6514,v1
mesa-sleep-6516,v1
mesa-sleep-6521,v1
mesa-sleep-6527,v1
mesa-sleep-6528,v1
mesa-sleep-6538,v1
mesa-sleep-6549,v1
mesa-sleep-6557,v1
mesa-sleep-6566,v1
mesa-sleep-6567,v1
mesa-sleep-6568,v1
mesa-sleep-6577,v1
mesa-sleep-6582,v1
mesa-sleep-6583,v1
mesa-sleep-6593,v1
mesa-sleep-6599,v1
mesa-sleep-6607,v1
mesa-sleep-6610,v1
mesa-sleep-6614,v1
mesa-sleep-6616,v1
mesa-sleep-6619,v1
mesa-sleep-6621,v1
mesa-sleep-6622,v1
mesa-sleep-6627,v1
mesa-sleep-6629,v1
mesa-sleep-6630,v1
mesa-sleep-6632,v1
mesa-sleep-6641,v1
mesa-sleep-6646,v1
mesa-sleep-6648,v1
mesa-sleep-6653,v1
mesa-sleep-6655,v1
mesa-sleep-6656,v1
mesa-sleep-6657,v1
mesa-sleep-6663,v1
mesa-sleep-6671,v1
mesa-sleep-6672,v1
mesa-sleep-6680,v1
mesa-sleep-6682,v1
mesa-sleep-6685,v1
mesa-sleep-6686,v1
mesa-sleep-6693,v1
mesa-sleep-6695,v1
mesa-sleep-6697,v1
mesa-sleep-6704,v1
mesa-sleep-6707,v1
mesa-sleep-6709,v1
mesa-sleep-6722,v1
mesa-sleep-6723,v1
mesa-sleep-6726,v1
mesa-sleep-6727,v1
mesa-sleep-6730,v1
mesa-sleep-6734,v1
mesa-sleep-6737,v1
mesa-sleep-6739,v1
mesa-sleep-6741,v1
mesa-sleep-6746,v1
mesa-sleep-6751,v1
mesa-sleep-6754,v1
mesa-sleep-6755,v1
mesa-sleep-6756,v1
mesa-sleep-6757,v1
mesa-sleep-6759,v1
mesa-sleep-6773,v1
mesa-sleep-6781,v1
mesa-sleep-6783,v1
mesa-sleep-6784,v1
mesa-sleep-6786,v1
mesa-sleep-6788,v1
mesa-sleep-6789,v1
mesa-sleep-6790,v1
mesa-sleep-6792,v1
mesa-sleep-6795,v1
mesa-sleep-6796,v1
mesa-sleep-6802,v1
mesa-sleep-6804,v1
mesa-sleep-6807,v1
mesa-sleep-6810,v1
mesa-sleep-6811,v1
mesa-sleep-6812,v1
